_id,date,hosp_for_covid,hosp_other_conditions,icu_for_covid,icu_other_conditions
1027,2022-01-08T00:00:00,.5302,.4698,.7955,.2045
1028,2022-01-09T00:00:00,.5395,.4605,.8279,.1721
1029,2022-01-10T00:00:00,.5468,.4532,.8307,.1693
1030,2022-01-11T00:00:00,.5450,.4550,.8198,.1802
1031,2022-01-12T00:00:00,.5277,.4723,.8027,.1973
1032,2022-01-13T00:00:00,.5308,.4692,.7942,.2058
1033,2022-01-14T00:00:00,.5224,.4776,.7899,.2101
1034,2022-01-15T00:00:00,.5274,.4726,.7950,.2050
1035,2022-01-16T00:00:00,.5276,.4724,.8166,.1834
1036,2022-01-17T00:00:00,.5411,.4589,.8253,.1747
1037,2022-01-18T00:00:00,.5486,.4514,.8115,.1885
1038,2022-01-19T00:00:00,.5414,.4586,.8167,.1833
1039,2022-01-20T00:00:00,.5660,.4340,.8189,.1811
1040,2022-01-21T00:00:00,.5559,.4441,.7954,.2046
1041,2022-01-22T00:00:00,.5588,.4412,.8327,.1673
1042,2022-01-23T00:00:00,.5539,.4461,.8404,.1596
1043,2022-01-24T00:00:00,.5564,.4436,.8240,.1760
1044,2022-01-25T00:00:00,.5613,.4387,.8136,.1864
1045,2022-01-26T00:00:00,.5537,.4463,.8087,.1913
1046,2022-01-27T00:00:00,.5454,.4546,.8091,.1909
1047,2022-01-28T00:00:00,.5434,.4566,.8088,.1912
1048,2022-01-29T00:00:00,.5586,.4414,.8248,.1752
1049,2022-01-30T00:00:00,.5503,.4497,.8206,.1794
1050,2022-01-31T00:00:00,.5630,.4370,.8256,.1744
1051,2022-02-01T00:00:00,.5633,.4367,.8253,.1747
1052,2022-02-02T00:00:00,.5435,.4565,.8345,.1655
1053,2022-02-03T00:00:00,.5431,.4569,.7976,.2024
1054,2022-02-04T00:00:00,.5447,.4553,.7837,.2163
1055,2022-02-05T00:00:00,.5487,.4513,.8010,.1990
1056,2022-02-06T00:00:00,.5586,.4414,.8168,.1832
1057,2022-02-07T00:00:00,.5585,.4415,.8028,.1972
1058,2022-02-08T00:00:00,.5526,.4474,.7614,.2386
1059,2022-02-09T00:00:00,.5368,.4632,.8025,.1975
1060,2022-02-10T00:00:00,.5432,.4568,.8082,.1918
1061,2022-02-11T00:00:00,.5470,.4530,.8106,.1894
1062,2022-02-12T00:00:00,.5311,.4689,.8185,.1815
1063,2022-02-13T00:00:00,.5393,.4607,.7964,.2036
1064,2022-02-14T00:00:00,.5399,.4601,.8161,.1839
1065,2022-02-15T00:00:00,.5207,.4793,.8030,.1970
1066,2022-02-16T00:00:00,.5065,.4935,.8065,.1935
1067,2022-02-17T00:00:00,.5008,.4992,.7940,.2060
1068,2022-02-18T00:00:00,.5089,.4911,.8634,.1366
1069,2022-02-19T00:00:00,.5115,.4885,.7971,.2029
1070,2022-02-20T00:00:00,.4925,.5075,.8038,.1962
1071,2022-02-21T00:00:00,.4911,.5089,.7750,.2250
1072,2022-02-22T00:00:00,.4883,.5117,.7755,.2245
1073,2022-02-23T00:00:00,.4857,.5143,.8011,.1989
1074,2022-02-24T00:00:00,.4596,.5404,.8171,.1829
1075,2022-02-25T00:00:00,.4442,.5558,.8408,.1592
1076,2022-02-26T00:00:00,.4519,.5481,.7836,.2164
1077,2022-02-27T00:00:00,.4542,.5458,.8026,.1974
1078,2022-02-28T00:00:00,.4441,.5559,.8239,.1761
1079,2022-03-01T00:00:00,.4495,.5505,.8082,.1918
1080,2022-03-02T00:00:00,.4422,.5578,.7919,.2081
1081,2022-03-03T00:00:00,.4389,.5611,.7692,.2308
1082,2022-03-04T00:00:00,.4353,.5647,.7609,.2391
1083,2022-03-05T00:00:00,.4239,.5761,.7576,.2424
1084,2022-03-06T00:00:00,.4401,.5599,.8168,.1832
1085,2022-03-07T00:00:00,.4537,.5463,.8106,.1894
1086,2022-03-08T00:00:00,.4701,.5299,.7895,.2105
1087,2022-03-09T00:00:00,.4648,.5352,.7578,.2422
1088,2022-03-10T00:00:00,.4634,.5366,.7692,.2308
1089,2022-03-11T00:00:00,.4831,.5169,.7913,.2087
1090,2022-03-12T00:00:00,.4804,.5196,.7805,.2195
1091,2022-03-13T00:00:00,.4921,.5079,.7698,.2302
1092,2022-03-14T00:00:00,.4670,.5330,.7857,.2143
1093,2022-03-15T00:00:00,.4721,.5279,.7544,.2456
1094,2022-03-16T00:00:00,.4525,.5475,.7838,.2162
1095,2022-03-17T00:00:00,.4743,.5257,.7981,.2019
1096,2022-03-18T00:00:00,.4722,.5278,.7700,.2300
1097,2022-03-19T00:00:00,.4684,.5316,.7870,.2130
1098,2022-03-20T00:00:00,.4589,.5411,.7156,.2844
1099,2022-03-21T00:00:00,.4653,.5347,.7037,.2963
1100,2022-03-22T00:00:00,.4532,.5468,.7900,.2100
1101,2022-03-23T00:00:00,.4660,.5340,.7677,.2323
1102,2022-03-24T00:00:00,.4797,.5203,.7553,.2447
1103,2022-03-25T00:00:00,.4812,.5188,.7778,.2222
1104,2022-03-26T00:00:00,.4688,.5313,.7708,.2292
1105,2022-03-27T00:00:00,.4691,.5309,.7188,.2813
1106,2022-03-28T00:00:00,.4918,.5082,.7320,.2680
1107,2022-03-29T00:00:00,.4772,.5228,.7364,.2636
1108,2022-03-30T00:00:00,.4864,.5136,.7103,.2897
1109,2022-03-31T00:00:00,.4638,.5362,.6893,.3107
1110,2022-04-01T00:00:00,.4798,.5202,.7264,.2736
1111,2022-04-02T00:00:00,.4805,.5195,.6796,.3204
1112,2022-04-03T00:00:00,.4575,.5425,.6759,.3241
1113,2022-04-04T00:00:00,.4622,.5378,.6952,.3048
1114,2022-04-05T00:00:00,.4668,.5332,.6604,.3396
1115,2022-04-06T00:00:00,.4567,.5433,.6422,.3578
1116,2022-04-07T00:00:00,.4645,.5355,.6579,.3421
1117,2022-04-08T00:00:00,.4336,.5664,.6569,.3431
1118,2022-04-09T00:00:00,.4431,.5569,.6429,.3571
1119,2022-04-10T00:00:00,.4572,.5428,.6372,.3628
1120,2022-04-11T00:00:00,.4664,.5336,.6083,.3917
1121,2022-04-12T00:00:00,.4516,.5484,.6491,.3509
1122,2022-04-13T00:00:00,.4507,.5493,.6417,.3583
1123,2022-04-14T00:00:00,.4564,.5436,.6047,.3953
1124,2022-04-15T00:00:00,.4431,.5569,.6466,.3534
1125,2022-04-16T00:00:00,.4444,.5556,.6279,.3721
1126,2022-04-17T00:00:00,.4468,.5532,.6357,.3643
1127,2022-04-18T00:00:00,.4550,.5450,.5935,.4065
1128,2022-04-19T00:00:00,.4558,.5442,.6181,.3819
1129,2022-04-20T00:00:00,.4587,.5413,.6296,.3704
1130,2022-04-21T00:00:00,.4570,.5430,.6641,.3359
1131,2022-04-22T00:00:00,.4422,.5578,.6846,.3154
1132,2022-04-23T00:00:00,.4404,.5596,.6541,.3459
1133,2022-04-24T00:00:00,.4524,.5476,.6500,.3500
1134,2022-04-25T00:00:00,.4540,.5460,.6568,.3432
1135,2022-04-26T00:00:00,.4507,.5493,.6647,.3353
1136,2022-04-27T00:00:00,.4361,.5639,.6944,.3056
1137,2022-04-28T00:00:00,.4144,.5856,.6429,.3571
1138,2022-04-29T00:00:00,.4015,.5985,.7008,.2992
1139,2022-04-30T00:00:00,.4074,.5926,.6441,.3559
1140,2022-05-01T00:00:00,.4288,.5712,.6507,.3493
1141,2022-05-02T00:00:00,.4311,.5689,.6500,.3500
1142,2022-05-03T00:00:00,.4236,.5764,.6549,.3451
1143,2022-05-04T00:00:00,.4165,.5835,.6159,.3841
1144,2022-05-05T00:00:00,.4287,.5713,.6812,.3188
1145,2022-05-06T00:00:00,.4136,.5864,.6875,.3125
1146,2022-05-07T00:00:00,.4117,.5883,.6667,.3333
1147,2022-05-08T00:00:00,.4075,.5925,.6385,.3615
1148,2022-05-09T00:00:00,.4006,.5994,.6179,.3821
1149,2022-05-10T00:00:00,.3977,.6023,.6111,.3889
1150,2022-05-11T00:00:00,.3984,.6016,.6126,.3874
1151,2022-05-12T00:00:00,.3932,.6068,.6577,.3423
1152,2022-05-13T00:00:00,.3872,.6128,.6757,.3243
1153,2022-05-14T00:00:00,.3773,.6227,.6449,.3551
1154,2022-05-15T00:00:00,.3852,.6148,.6606,.3394
1155,2022-05-16T00:00:00,.4018,.5982,.5909,.4091
1156,2022-05-17T00:00:00,.3934,.6066,.6226,.3774
1157,2022-05-18T00:00:00,.3976,.6024,.5429,.4571
1158,2022-05-19T00:00:00,.3821,.6179,.4950,.5050
1159,2022-05-20T00:00:00,.4006,.5994,.5258,.4742
1160,2022-05-21T00:00:00,.3883,.6117,.5977,.4023
1161,2022-05-22T00:00:00,.4194,.5806,.6818,.3182
1162,2022-05-23T00:00:00,.4116,.5884,.6477,.3523
1163,2022-05-24T00:00:00,.4185,.5815,.6000,.4000
1164,2022-05-25T00:00:00,.4107,.5893,.6082,.3918
1165,2022-05-26T00:00:00,.4009,.5991,.6526,.3474
1166,2022-05-27T00:00:00,.3967,.6033,.6667,.3333
1167,2022-05-28T00:00:00,.4085,.5915,.6829,.3171
1168,2022-05-29T00:00:00,.4067,.5933,.6786,.3214
1169,2022-05-30T00:00:00,.4134,.5866,.6579,.3421
1170,2022-05-31T00:00:00,.4167,.5833,.6757,.3243
1171,2022-06-01T00:00:00,.4239,.5761,.6154,.3846
1172,2022-06-02T00:00:00,.4060,.5940,.7397,.2603
1173,2022-06-03T00:00:00,.4029,.5971,.7000,.3000
1174,2022-06-04T00:00:00,.4227,.5773,.6825,.3175
1175,2022-06-05T00:00:00,.3972,.6028,.6812,.3188
1176,2022-06-06T00:00:00,.4255,.5745,.7119,.2881
1177,2022-06-07T00:00:00,.4196,.5804,.6393,.3607
1178,2022-06-08T00:00:00,.4199,.5801,.6500,.3500
1179,2022-06-09T00:00:00,.3974,.6026,.6346,.3654
1180,2022-06-10T00:00:00,.4036,.5964,.5660,.4340
1181,2022-06-11T00:00:00,.4162,.5838,.6364,.3636
1182,2022-06-12T00:00:00,.4258,.5742,.5536,.4464
1183,2022-06-13T00:00:00,.4297,.5703,.5263,.4737
1184,2022-06-14T00:00:00,.4297,.5703,.5536,.4464
1185,2022-06-15T00:00:00,.4156,.5844,.5660,.4340
1186,2022-06-16T00:00:00,.4415,.5585,.5833,.4167
1187,2022-06-17T00:00:00,.4336,.5664,.6538,.3462
1188,2022-06-18T00:00:00,.4119,.5881,.6000,.4000
1189,2022-06-19T00:00:00,.3964,.6036,.5789,.4211
1190,2022-06-20T00:00:00,.4292,.5708,.6042,.3958
1191,2022-06-21T00:00:00,.4259,.5741,.6111,.3889
1192,2022-06-22T00:00:00,.4172,.5828,.6102,.3898
1193,2022-06-23T00:00:00,.4075,.5925,.5385,.4615
1194,2022-06-24T00:00:00,.3976,.6024,.6250,.3750
1195,2022-06-25T00:00:00,.4288,.5712,.6226,.3774
1196,2022-06-26T00:00:00,.4450,.5550,.6600,.3400
1197,2022-06-27T00:00:00,.3985,.6015,.6981,.3019
1198,2022-06-28T00:00:00,.3990,.6010,.6226,.3774
1199,2022-06-29T00:00:00,.4051,.5949,.5741,.4259
1200,2022-06-30T00:00:00,.4228,.5772,.6393,.3607
1201,2022-07-01T00:00:00,.4337,.5663,.6515,.3485
1202,2022-07-02T00:00:00,.4417,.5583,.6087,.3913
1203,2022-07-03T00:00:00,.4267,.5733,.6111,.3889
1204,2022-07-04T00:00:00,.4331,.5669,.6000,.4000
1205,2022-07-05T00:00:00,.4384,.5616,.6081,.3919
1206,2022-07-06T00:00:00,.4280,.5720,.6575,.3425
1207,2022-07-07T00:00:00,.4225,.5775,.6479,.3521
1208,2022-07-08T00:00:00,.4200,.5800,.6000,.4000
1209,2022-07-09T00:00:00,.4491,.5509,.6377,.3623
1210,2022-07-10T00:00:00,.4525,.5475,.6164,.3836
1211,2022-07-11T00:00:00,.4415,.5585,.6203,.3797
1212,2022-07-12T00:00:00,.4592,.5408,.5543,.4457
1213,2022-07-13T00:00:00,.4562,.5438,.5765,.4235
1214,2022-07-14T00:00:00,.4387,.5613,.5745,.4255
1215,2022-07-15T00:00:00,.4255,.5745,.6163,.3837
1216,2022-07-16T00:00:00,.4220,.5780,.6235,.3765
1217,2022-07-17T00:00:00,.4282,.5718,.6354,.3646
1218,2022-07-18T00:00:00,.4264,.5736,.5403,.4597
1219,2022-07-19T00:00:00,.4042,.5958,.5577,.4423
1220,2022-07-20T00:00:00,.3992,.6008,.5714,.4286
1221,2022-07-21T00:00:00,.4009,.5991,.6176,.3824
1222,2022-07-22T00:00:00,.3952,.6048,.6277,.3723
1223,2022-07-23T00:00:00,.3939,.6061,.6000,.4000
1224,2022-07-24T00:00:00,.3948,.6052,.6122,.3878
1225,2022-07-25T00:00:00,.3744,.6256,.5347,.4653
1226,2022-07-26T00:00:00,.3807,.6193,.5714,.4286
1227,2022-07-27T00:00:00,.3705,.6295,.5946,.4054
1228,2022-07-28T00:00:00,.3791,.6209,.6161,.3839
1229,2022-07-29T00:00:00,.3745,.6255,.6389,.3611
1230,2022-07-30T00:00:00,.3813,.6187,.6602,.3398
1231,2022-07-31T00:00:00,.3675,.6325,.5865,.4135
1232,2022-08-01T00:00:00,.3855,.6145,.6210,.3790
1233,2022-08-02T00:00:00,.3777,.6223,.6148,.3852
1234,2022-08-03T00:00:00,.3782,.6218,.5948,.4052
1235,2022-08-04T00:00:00,.3573,.6427,.6055,.3945
1236,2022-08-05T00:00:00,.3556,.6444,.6036,.3964
1237,2022-08-06T00:00:00,.3706,.6294,.6455,.3545
1238,2022-08-07T00:00:00,.3845,.6155,.6571,.3429
1239,2022-08-08T00:00:00,.3821,.6179,.6460,.3540
1240,2022-08-09T00:00:00,.3844,.6156,.7027,.2973
1241,2022-08-10T00:00:00,.3792,.6208,.6518,.3482
1242,2022-08-11T00:00:00,.3777,.6223,.7143,.2857
1243,2022-08-12T00:00:00,.3675,.6325,.6289,.3711
1244,2022-08-13T00:00:00,.3659,.6341,.6100,.3900
1245,2022-08-14T00:00:00,.3820,.6180,.6154,.3846
1246,2022-08-15T00:00:00,.3879,.6121,.6061,.3939
1247,2022-08-16T00:00:00,.3791,.6209,.6111,.3889
1248,2022-08-17T00:00:00,.3622,.6378,.6020,.3980
1249,2022-08-18T00:00:00,.3832,.6168,.6484,.3516
1250,2022-08-19T00:00:00,.3745,.6255,.5980,.4020
1251,2022-08-20T00:00:00,.3697,.6303,.6383,.3617
1252,2022-08-21T00:00:00,.3638,.6362,.6337,.3663
1253,2022-08-22T00:00:00,.3725,.6275,.5739,.4261
1254,2022-08-23T00:00:00,.3485,.6515,.6176,.3824
1255,2022-08-24T00:00:00,.3466,.6534,.6429,.3571
1256,2022-08-25T00:00:00,.3498,.6502,.6289,.3711
1257,2022-08-26T00:00:00,.3418,.6582,.6250,.3750
1258,2022-08-27T00:00:00,.3605,.6395,.6064,.3936
1259,2022-08-28T00:00:00,.3674,.6326,.6421,.3579
1260,2022-08-29T00:00:00,.3619,.6381,.6214,.3786
1261,2022-08-30T00:00:00,.3573,.6427,.6000,.4000
1262,2022-08-31T00:00:00,.3433,.6567,.5287,.4713
1263,2022-09-01T00:00:00,.3455,.6545,.5732,.4268
1264,2022-09-02T00:00:00,.3577,.6423,.6486,.3514
1265,2022-09-03T00:00:00,.3617,.6383,.6829,.3171
1266,2022-09-04T00:00:00,.3691,.6309,.6588,.3412
1267,2022-09-05T00:00:00,.3747,.6253,.6264,.3736
1268,2022-09-06T00:00:00,.3612,.6388,.5714,.4286
1269,2022-09-07T00:00:00,.3470,.6530,.5904,.4096
1270,2022-09-08T00:00:00,.3478,.6522,.5730,.4270
1271,2022-09-09T00:00:00,.3469,.6531,.6118,.3882
1272,2022-09-10T00:00:00,.3382,.6618,.5714,.4286
1273,2022-09-11T00:00:00,.3573,.6427,.6186,.3814
1274,2022-09-12T00:00:00,.3562,.6438,.5474,.4526
1275,2022-09-13T00:00:00,.3427,.6573,.5618,.4382
1276,2022-09-14T00:00:00,.3622,.6378,.5568,.4432
1277,2022-09-15T00:00:00,.3396,.6604,.5833,.4167
1278,2022-09-16T00:00:00,.3567,.6433,.5679,.4321
1279,2022-09-17T00:00:00,.3480,.6520,.5263,.4737
1280,2022-09-18T00:00:00,.3547,.6453,.5581,.4419
1281,2022-09-19T00:00:00,.3562,.6438,.4787,.5213
1282,2022-09-20T00:00:00,.3597,.6403,.5000,.5000
1283,2022-09-21T00:00:00,.3542,.6458,.5176,.4824
1284,2022-09-22T00:00:00,.3626,.6374,.5301,.4699
1285,2022-09-23T00:00:00,.3496,.6504,.5976,.4024
1286,2022-09-24T00:00:00,.3742,.6258,.6000,.4000
1287,2022-09-25T00:00:00,.3849,.6151,.6118,.3882
1288,2022-09-26T00:00:00,.3877,.6123,.4273,.5727
1289,2022-09-27T00:00:00,.3888,.6112,.5368,.4632
1290,2022-09-28T00:00:00,.3806,.6194,.5745,.4255
1291,2022-09-29T00:00:00,.3842,.6158,.4872,.5128
1292,2022-09-30T00:00:00,.3640,.6360,.5638,.4362
1293,2022-10-01T00:00:00,.3636,.6364,.6000,.4000
1294,2022-10-02T00:00:00,.3788,.6212,.6889,.3111
1295,2022-10-03T00:00:00,.3830,.6170,.6275,.3725
1296,2022-10-04T00:00:00,.3698,.6302,.6484,.3516
1297,2022-10-05T00:00:00,.3608,.6392,.6591,.3409
1298,2022-10-06T00:00:00,.3732,.6268,.6585,.3415
1299,2022-10-07T00:00:00,.3695,.6305,.6386,.3614
1300,2022-10-08T00:00:00,.3708,.6292,.6842,.3158
1301,2022-10-09T00:00:00,.3662,.6338,.6667,.3333
1302,2022-10-10T00:00:00,.3778,.6222,.6875,.3125
1303,2022-10-11T00:00:00,.3870,.6130,.6729,.3271
1304,2022-10-12T00:00:00,.3704,.6296,.6842,.3158
1305,2022-10-13T00:00:00,.3759,.6241,.6719,.3281
1306,2022-10-14T00:00:00,.3610,.6390,.6290,.3710
1307,2022-10-15T00:00:00,.3681,.6319,.7068,.2932
1308,2022-10-16T00:00:00,.3710,.6290,.7087,.2913
1309,2022-10-17T00:00:00,.3874,.6126,.6855,.3145
1310,2022-10-18T00:00:00,.3925,.6075,.6410,.3590
1311,2022-10-19T00:00:00,.3873,.6127,.6404,.3596
1312,2022-10-20T00:00:00,.3904,.6096,.6489,.3511
1313,2022-10-21T00:00:00,.3913,.6087,.6066,.3934
1314,2022-10-22T00:00:00,.3969,.6031,.5827,.4173
1315,2022-10-23T00:00:00,.3990,.6010,.5847,.4153
1316,2022-10-24T00:00:00,.3818,.6182,.6165,.3835
1317,2022-10-25T00:00:00,.3974,.6026,.6194,.3806
1318,2022-10-26T00:00:00,.3765,.6235,.5887,.4113
1319,2022-10-27T00:00:00,.3681,.6319,.5847,.4153
1320,2022-10-28T00:00:00,.3596,.6404,.6033,.3967
1321,2022-10-29T00:00:00,.3506,.6494,.5614,.4386
1322,2022-10-30T00:00:00,.3649,.6351,.5736,.4264
1323,2022-10-31T00:00:00,.3851,.6149,.5873,.4127
1324,2022-11-01T00:00:00,.3759,.6241,.6378,.3622
1325,2022-11-02T00:00:00,.3736,.6264,.6538,.3462
1326,2022-11-03T00:00:00,.3687,.6313,.6260,.3740
1327,2022-11-04T00:00:00,.3661,.6339,.6328,.3672
1328,2022-11-05T00:00:00,.3678,.6322,.6429,.3571
1329,2022-11-06T00:00:00,.3735,.6265,.6148,.3852
1330,2022-11-07T00:00:00,.3791,.6209,.6378,.3622
1331,2022-11-08T00:00:00,.3767,.6233,.6148,.3852
1332,2022-11-09T00:00:00,.3779,.6221,.5932,.4068
1333,2022-11-10T00:00:00,.3776,.6224,.6296,.3704
1334,2022-11-11T00:00:00,.3826,.6174,.6095,.3905
1335,2022-11-12T00:00:00,.3869,.6131,.6020,.3980
1336,2022-11-13T00:00:00,.3778,.6222,.6415,.3585
1337,2022-11-14T00:00:00,.3860,.6140,.5225,.4775
1338,2022-11-15T00:00:00,.3667,.6333,.6042,.3958
1339,2022-11-16T00:00:00,.3612,.6388,.6170,.3830
1340,2022-11-17T00:00:00,.3584,.6416,.5000,.5000
1341,2022-11-18T00:00:00,.3514,.6486,.5490,.4510
1342,2022-11-19T00:00:00,.3439,.6561,.4811,.5189
1343,2022-11-20T00:00:00,.3661,.6339,.5900,.4100
1344,2022-11-21T00:00:00,.3917,.6083,.5960,.4040
1345,2022-11-22T00:00:00,.3675,.6325,.5714,.4286
1346,2022-11-23T00:00:00,.3703,.6297,.5534,.4466
1347,2022-11-24T00:00:00,.3706,.6294,.5288,.4712
1348,2022-11-25T00:00:00,.3722,.6278,.6038,.3962
1349,2022-11-26T00:00:00,.3896,.6104,.5664,.4336
1350,2022-11-27T00:00:00,.4068,.5932,.5905,.4095
1351,2022-11-28T00:00:00,.3927,.6073,.5900,.4100
1352,2022-11-29T00:00:00,.3866,.6134,.6019,.3981
1353,2022-11-30T00:00:00,.3689,.6311,.6129,.3871
1354,2022-12-01T00:00:00,.3619,.6381,.6067,.3933
1355,2022-12-02T00:00:00,.3836,.6164,.6548,.3452
1356,2022-12-03T00:00:00,.3716,.6284,.6484,.3516
1357,2022-12-04T00:00:00,.3882,.6118,.6364,.3636
1358,2022-12-05T00:00:00,.3863,.6137,.6526,.3474
1359,2022-12-06T00:00:00,.3905,.6095,.6556,.3444
1360,2022-12-07T00:00:00,.3975,.6025,.6629,.3371
1361,2022-12-08T00:00:00,.4133,.5867,.6304,.3696
1362,2022-12-09T00:00:00,.4087,.5913,.6559,.3441
1363,2022-12-10T00:00:00,.3883,.6117,.6207,.3793
1364,2022-12-11T00:00:00,.4003,.5997,.6250,.3750
1365,2022-12-12T00:00:00,.3968,.6032,.5934,.4066
1366,2022-12-13T00:00:00,.4241,.5759,.6374,.3626
1367,2022-12-14T00:00:00,.4051,.5949,.6848,.3152
1368,2022-12-15T00:00:00,.4093,.5907,.6742,.3258
1369,2022-12-16T00:00:00,.4119,.5881,.6279,.3721
1370,2022-12-17T00:00:00,.4043,.5957,.6111,.3889
1371,2022-12-18T00:00:00,.4374,.5626,.5638,.4362
1372,2022-12-19T00:00:00,.3982,.6018,.5825,.4175
1373,2022-12-20T00:00:00,.3846,.6154,.5714,.4286
1374,2022-12-21T00:00:00,.3731,.6269,.5670,.4330
1375,2022-12-22T00:00:00,.3806,.6194,.5529,.4471
1376,2022-12-23T00:00:00,.3749,.6251,.5595,.4405
1377,2022-12-24T00:00:00,.3803,.6197,.5385,.4615
1378,2022-12-25T00:00:00,.3822,.6178,.4634,.5366
1379,2022-12-26T00:00:00,.3871,.6129,.5412,.4588
1380,2022-12-27T00:00:00,.3881,.6119,.5581,.4419
1381,2022-12-28T00:00:00,.3966,.6034,.5824,.4176
1382,2022-12-29T00:00:00,.4103,.5897,.6289,.3711
1383,2022-12-30T00:00:00,.4240,.5760,.6667,.3333
1384,2022-12-31T00:00:00,.4215,.5785,.6522,.3478
1385,2023-01-01T00:00:00,.4155,.5845,.6591,.3409
1386,2023-01-02T00:00:00,.4132,.5868,.6491,.3509
1387,2023-01-03T00:00:00,.3966,.6034,.5950,.4050
1388,2023-01-04T00:00:00,.3808,.6192,.6148,.3852
1389,2023-01-05T00:00:00,.3947,.6053,.6299,.3701
1390,2023-01-06T00:00:00,.4128,.5872,.5897,.4103
1391,2023-01-07T00:00:00,.3968,.6032,.5702,.4298
1392,2023-01-08T00:00:00,.3896,.6104,.5763,.4237
1393,2023-01-09T00:00:00,.3702,.6298,.5872,.4128
1394,2023-01-10T00:00:00,.3514,.6486,.5636,.4364
1395,2023-01-11T00:00:00,.3492,.6508,.5614,.4386
1396,2023-01-12T00:00:00,.3589,.6411,.5273,.4727
1397,2023-01-13T00:00:00,.3658,.6342,.5258,.4742
1398,2023-01-14T00:00:00,.3747,.6253,.5426,.4574
1399,2023-01-15T00:00:00,.3813,.6187,.5422,.4578
1400,2023-01-16T00:00:00,.3795,.6205,.6173,.3827
1401,2023-01-17T00:00:00,.3877,.6123,.5698,.4302
1402,2023-01-18T00:00:00,.3773,.6227,.5882,.4118
1403,2023-01-19T00:00:00,.3691,.6309,.5521,.4479
1404,2023-01-20T00:00:00,.3787,.6213,.5529,.4471
1405,2023-01-21T00:00:00,.3920,.6080,.5570,.4430
1406,2023-01-22T00:00:00,.3848,.6152,.5275,.4725
1407,2023-01-23T00:00:00,.3681,.6319,.5368,.4632
1408,2023-01-24T00:00:00,.3705,.6295,.5222,.4778
1409,2023-01-25T00:00:00,.3614,.6386,.5679,.4321
1410,2023-01-26T00:00:00,.3651,.6349,.5802,.4198
1411,2023-01-27T00:00:00,.3652,.6348,.5647,.4353
1412,2023-01-28T00:00:00,.3669,.6331,.5679,.4321
1413,2023-01-29T00:00:00,.3684,.6316,.5875,.4125
1414,2023-01-30T00:00:00,.3551,.6449,.5952,.4048
1415,2023-01-31T00:00:00,.3588,.6412,.6234,.3766
1416,2023-02-01T00:00:00,.3526,.6474,.6667,.3333
1417,2023-02-02T00:00:00,.3791,.6209,.6667,.3333
1418,2023-02-03T00:00:00,.3554,.6446,.5313,.4688
1419,2023-02-04T00:00:00,.3435,.6565,.5195,.4805
1420,2023-02-05T00:00:00,.3539,.6461,.5195,.4805
1421,2023-02-06T00:00:00,.3612,.6388,.4396,.5604
1422,2023-02-07T00:00:00,.3699,.6301,.4483,.5517
1423,2023-02-08T00:00:00,.3710,.6290,.4625,.5375
1424,2023-02-09T00:00:00,.3628,.6372,.4878,.5122
1425,2023-02-10T00:00:00,.3650,.6350,.4390,.5610
1426,2023-02-11T00:00:00,.3785,.6215,.5000,.5000
1427,2023-02-12T00:00:00,.3869,.6131,.4675,.5325
1428,2023-02-13T00:00:00,.3774,.6226,.4535,.5465
1429,2023-02-14T00:00:00,.3492,.6508,.4578,.5422
1430,2023-02-15T00:00:00,.3672,.6328,.4235,.5765
1431,2023-02-16T00:00:00,.3574,.6426,.4444,.5556
1432,2023-02-17T00:00:00,.3450,.6550,.5000,.5000
1433,2023-02-18T00:00:00,.3555,.6445,.5000,.5000
1434,2023-02-19T00:00:00,.3850,.6150,.5250,.4750
1435,2023-02-20T00:00:00,.3744,.6256,.5641,.4359
1436,2023-02-21T00:00:00,.3665,.6335,.5316,.4684
1437,2023-02-22T00:00:00,.3531,.6469,.5513,.4487
1438,2023-02-23T00:00:00,.3314,.6686,.5238,.4762
1439,2023-02-24T00:00:00,.3368,.6632,.5974,.4026
1440,2023-02-25T00:00:00,.3664,.6336,.5765,.4235
1441,2023-02-26T00:00:00,.3675,.6325,.5652,.4348
1442,2023-02-27T00:00:00,.3692,.6308,.5773,.4227
1443,2023-02-28T00:00:00,.3734,.6266,.6154,.3846
1444,2023-03-01T00:00:00,.3823,.6177,.5568,.4432
1445,2023-03-02T00:00:00,.3543,.6457,.6071,.3929
1446,2023-03-03T00:00:00,.3866,.6134,.6154,.3846
1447,2023-03-04T00:00:00,.3635,.6365,.6234,.3766
1448,2023-03-05T00:00:00,.3799,.6201,.5949,.4051
1449,2023-03-06T00:00:00,.3880,.6120,.6235,.3765
1450,2023-03-07T00:00:00,.3822,.6178,.6364,.3636
1451,2023-03-08T00:00:00,.3724,.6276,.6092,.3908
1452,2023-03-09T00:00:00,.3640,.6360,.5789,.4211
1453,2023-03-10T00:00:00,.3633,.6367,.5542,.4458
1454,2023-03-11T00:00:00,.3751,.6249,.5526,.4474
1455,2023-03-12T00:00:00,.4007,.5993,.5526,.4474
1456,2023-03-13T00:00:00,.4241,.5759,.6462,.3538
1457,2023-03-14T00:00:00,.4034,.5966,.6452,.3548
1458,2023-03-15T00:00:00,.4100,.5900,.6500,.3500
1459,2023-03-16T00:00:00,.3814,.6186,.5667,.4333
1460,2023-03-17T00:00:00,.3867,.6133,.4912,.5088
1461,2023-03-18T00:00:00,.4073,.5927,.5738,.4262
1462,2023-03-19T00:00:00,.4289,.5711,.5970,.4030
1463,2023-03-20T00:00:00,.4117,.5883,.5625,.4375
1464,2023-03-21T00:00:00,.3837,.6163,.5246,.4754
1465,2023-03-22T00:00:00,.3878,.6122,.5469,.4531
1466,2023-03-23T00:00:00,.3835,.6165,.5915,.4085
1467,2023-03-24T00:00:00,.3933,.6067,.6780,.3220
1468,2023-03-25T00:00:00,.4205,.5795,.7097,.2903
1469,2023-03-26T00:00:00,.4320,.5680,.7286,.2714
1470,2023-03-27T00:00:00,.4499,.5501,.6563,.3438
1471,2023-03-28T00:00:00,.4153,.5847,.6984,.3016
1472,2023-03-29T00:00:00,.4033,.5967,.6667,.3333
1473,2023-03-30T00:00:00,.3620,.6380,.5846,.4154
1474,2023-03-31T00:00:00,.3745,.6255,.6724,.3276
1475,2023-04-01T00:00:00,.3989,.6011,.7143,.2857
1476,2023-04-02T00:00:00,.3803,.6197,.7000,.3000
1477,2023-04-03T00:00:00,.3877,.6123,.6765,.3235
1478,2023-04-04T00:00:00,.3591,.6409,.6308,.3692
1479,2023-04-05T00:00:00,.3501,.6499,.6027,.3973
1480,2023-04-06T00:00:00,.3522,.6478,.6232,.3768
1481,2023-04-07T00:00:00,.3581,.6419,.6377,.3623
1482,2023-04-08T00:00:00,.3578,.6422,.5775,.4225
1483,2023-04-09T00:00:00,.3521,.6479,.5897,.4103
1484,2023-04-10T00:00:00,.3476,.6524,.5802,.4198
1485,2023-04-11T00:00:00,.3668,.6332,.5789,.4211
1486,2023-04-12T00:00:00,.3683,.6317,.6623,.3377
1487,2023-04-13T00:00:00,.3700,.6300,.6705,.3295
1488,2023-04-14T00:00:00,.3876,.6124,.7067,.2933
1489,2023-04-15T00:00:00,.4024,.5976,.6849,.3151
1490,2023-04-16T00:00:00,.4030,.5970,.6806,.3194
1491,2023-04-17T00:00:00,.4040,.5960,.6761,.3239
1492,2023-04-18T00:00:00,.4064,.5936,.6765,.3235
1493,2023-04-19T00:00:00,.3950,.6050,.6232,.3768
1494,2023-04-20T00:00:00,.3924,.6076,.6250,.3750
1495,2023-04-21T00:00:00,.3887,.6113,.6875,.3125
1496,2023-04-22T00:00:00,.3921,.6079,.7234,.2766
1497,2023-04-23T00:00:00,.4022,.5978,.6600,.3400
1498,2023-04-24T00:00:00,.4216,.5784,.6190,.3810
1499,2023-04-25T00:00:00,.4316,.5684,.6557,.3443
1500,2023-04-26T00:00:00,.4281,.5719,.6393,.3607
1501,2023-04-27T00:00:00,.4408,.5592,.6379,.3621
1502,2023-04-28T00:00:00,.4350,.5650,.6833,.3167
1503,2023-04-29T00:00:00,.4493,.5507,.6316,.3684
1504,2023-04-30T00:00:00,.4610,.5390,.6379,.3621
1505,2023-05-01T00:00:00,.4393,.5607,.6226,.3774
1506,2023-05-02T00:00:00,.4202,.5798,.6458,.3542
1507,2023-05-03T00:00:00,.4417,.5583,.6818,.3182
1508,2023-05-04T00:00:00,.3974,.6026,.5625,.4375
1509,2023-05-05T00:00:00,.3732,.6268,.5854,.4146
1510,2023-05-06T00:00:00,.4024,.5976,.6250,.3750
1511,2023-05-07T00:00:00,.4048,.5952,.6316,.3684
1512,2023-05-08T00:00:00,.4313,.5687,.6154,.3846
1513,2023-05-09T00:00:00,.4375,.5625,.6977,.3023
1514,2023-05-10T00:00:00,.4123,.5877,.7083,.2917
1515,2023-05-11T00:00:00,.4038,.5962,.5577,.4423
1516,2023-05-12T00:00:00,.4093,.5907,.6047,.3953
1517,2023-05-13T00:00:00,.4088,.5912,.5306,.4694
1518,2023-05-14T00:00:00,.4025,.5975,.6226,.3774
1519,2023-05-15T00:00:00,.4302,.5698,.7021,.2979
1520,2023-05-16T00:00:00,.4358,.5642,.7857,.2143
1521,2023-05-17T00:00:00,.4134,.5866,.6731,.3269
1522,2023-05-18T00:00:00,.4063,.5937,.7442,.2558
1523,2023-05-19T00:00:00,.4103,.5897,.6923,.3077
1524,2023-05-20T00:00:00,.4070,.5930,.6905,.3095
1525,2023-05-21T00:00:00,.4108,.5892,.6842,.3158
1526,2023-05-22T00:00:00,.3814,.6186,.6667,.3333
1527,2023-05-23T00:00:00,.3817,.6183,.6579,.3421
1528,2023-05-24T00:00:00,.3557,.6443,.6061,.3939
1529,2023-05-25T00:00:00,.3621,.6379,.7561,.2439
1530,2023-05-26T00:00:00,.3909,.6091,.6667,.3333
1531,2023-05-27T00:00:00,.3722,.6278,.6571,.3429
1532,2023-05-28T00:00:00,.3744,.6256,.7241,.2759
1533,2023-05-29T00:00:00,.3387,.6613,.7179,.2821
1534,2023-05-30T00:00:00,.3702,.6298,.6591,.3409
1535,2023-05-31T00:00:00,.3670,.6330,.7297,.2703
1536,2023-06-01T00:00:00,.3774,.6226,.7317,.2683
1537,2023-06-02T00:00:00,.3784,.6216,.6750,.3250
1538,2023-06-03T00:00:00,.4251,.5749,.6667,.3333
1539,2023-06-04T00:00:00,.4186,.5814,.6842,.3158
1540,2023-06-05T00:00:00,.3959,.6041,.7568,.2432
1541,2023-06-06T00:00:00,.3787,.6213,.7778,.2222
1542,2023-06-07T00:00:00,.3733,.6267,.6970,.3030
1543,2023-06-08T00:00:00,.3765,.6235,.6800,.3200
1544,2023-06-09T00:00:00,.3822,.6178,.6250,.3750
1545,2023-06-10T00:00:00,.4086,.5914,.6800,.3200
1546,2023-06-11T00:00:00,.4032,.5968,.4595,.5405
1547,2023-06-12T00:00:00,.4145,.5855,.7037,.2963
1548,2023-06-13T00:00:00,.4694,.5306,.7000,.3000
1549,2023-06-14T00:00:00,.4373,.5627,.6875,.3125
1550,2023-06-15T00:00:00,.4255,.5745,.6471,.3529
1551,2023-06-16T00:00:00,.4167,.5833,.7333,.2667
1552,2023-06-17T00:00:00,.4030,.5970,.6538,.3462
1553,2023-06-18T00:00:00,.4091,.5909,.6800,.3200
1554,2023-06-19T00:00:00,.4094,.5906,.6429,.3571
1555,2023-06-20T00:00:00,.3852,.6148,.5625,.4375
1556,2023-06-21T00:00:00,.3951,.6049,.7750,.2250
1557,2023-06-22T00:00:00,.3771,.6229,.6552,.3448
1558,2023-06-23T00:00:00,.3578,.6422,.7083,.2917
1559,2023-06-24T00:00:00,.3644,.6356,.5833,.4167
1560,2023-06-25T00:00:00,.3846,.6154,.6818,.3182
1561,2023-06-26T00:00:00,.3925,.6075,.6111,.3889
1562,2023-06-27T00:00:00,.4254,.5746,.7143,.2857
1563,2023-06-28T00:00:00,.3486,.6514,.6296,.3704
1564,2023-06-29T00:00:00,.3409,.6591,.6250,.3750
1565,2023-06-30T00:00:00,.3507,.6493,.4444,.5556
1566,2023-07-01T00:00:00,.3891,.6109,.6296,.3704
1567,2023-07-02T00:00:00,.4091,.5909,.7083,.2917
1568,2023-07-03T00:00:00,.4279,.5721,.6818,.3182
1569,2023-07-04T00:00:00,.4159,.5841,.6957,.3043
1570,2023-07-05T00:00:00,.3906,.6094,.7222,.2778
1571,2023-07-06T00:00:00,.3515,.6485,.7308,.2692
1572,2023-07-07T00:00:00,.3925,.6075,.7895,.2105
1573,2023-07-08T00:00:00,.4149,.5851,.7083,.2917
1574,2023-07-09T00:00:00,.4194,.5806,.6667,.3333
1575,2023-07-10T00:00:00,.4038,.5962,.6818,.3182
1576,2023-07-11T00:00:00,.3750,.6250,.5769,.4231
1577,2023-07-12T00:00:00,.3213,.6787,.5417,.4583
1578,2023-07-13T00:00:00,.3575,.6425,.5200,.4800
1579,2023-07-14T00:00:00,.3122,.6878,.5000,.5000
1580,2023-07-15T00:00:00,.3349,.6651,.6061,.3939
1581,2023-07-16T00:00:00,.3671,.6329,.5294,.4706
1582,2023-07-17T00:00:00,.3632,.6368,.5769,.4231
1583,2023-07-18T00:00:00,.3304,.6696,.6538,.3462
1584,2023-07-19T00:00:00,.3559,.6441,.4828,.5172
1585,2023-07-20T00:00:00,.3172,.6828,.5185,.4815
1586,2023-07-21T00:00:00,.3114,.6886,.4444,.5556
1587,2023-07-22T00:00:00,.3174,.6826,.5000,.5000
1588,2023-07-23T00:00:00,.3222,.6778,.5652,.4348
1589,2023-07-24T00:00:00,.3120,.6880,.6250,.3750
1590,2023-07-25T00:00:00,.3577,.6423,.5517,.4483
1591,2023-07-26T00:00:00,.3436,.6564,.6154,.3846
1592,2023-07-27T00:00:00,.3306,.6694,.5000,.5000
1593,2023-07-28T00:00:00,.3319,.6681,.4483,.5517
1594,2023-07-29T00:00:00,.3527,.6473,.4828,.5172
1595,2023-07-30T00:00:00,.3520,.6480,.5833,.4167
1596,2023-07-31T00:00:00,.3454,.6546,.6400,.3600
1597,2023-08-01T00:00:00,.3429,.6571,.6296,.3704
1598,2023-08-02T00:00:00,.3648,.6352,.6818,.3182
1599,2023-08-03T00:00:00,.3544,.6456,.7778,.2222
1600,2023-08-04T00:00:00,.3718,.6282,.7391,.2609
1601,2023-08-05T00:00:00,.3486,.6514,.6296,.3704
1602,2023-08-06T00:00:00,.3613,.6387,.7308,.2692
1603,2023-08-07T00:00:00,.3373,.6627,.6429,.3571
1604,2023-08-08T00:00:00,.3360,.6640,.6296,.3704
1605,2023-08-09T00:00:00,.3346,.6654,.6000,.4000
1606,2023-08-10T00:00:00,.3452,.6548,.5652,.4348
1607,2023-08-11T00:00:00,.3465,.6535,.4783,.5217
1608,2023-08-12T00:00:00,.3383,.6617,.4762,.5238
1609,2023-08-13T00:00:00,.3763,.6237,.6000,.4000
1610,2023-08-14T00:00:00,.3986,.6014,.5714,.4286
1611,2023-08-15T00:00:00,.3957,.6043,.5455,.4545
1612,2023-08-16T00:00:00,.4206,.5794,.6087,.3913
1613,2023-08-17T00:00:00,.3900,.6100,.6087,.3913
1614,2023-08-18T00:00:00,.4070,.5930,.5000,.5000
1615,2023-08-19T00:00:00,.4088,.5912,.4643,.5357
1616,2023-08-20T00:00:00,.3848,.6152,.5000,.5000
1617,2023-08-21T00:00:00,.3095,.6905,.6000,.4000
1618,2023-08-22T00:00:00,.3686,.6314,.6364,.3636
1619,2023-08-23T00:00:00,.3650,.6350,.5909,.4091
1620,2023-08-24T00:00:00,.3651,.6349,.5385,.4615
1621,2023-08-25T00:00:00,.3433,.6567,.6400,.3600
1622,2023-08-26T00:00:00,.3597,.6403,.5909,.4091
1623,2023-08-27T00:00:00,.3607,.6393,.6667,.3333
1624,2023-08-28T00:00:00,.3552,.6448,.3750,.6250
1625,2023-08-29T00:00:00,.3439,.6561,.6087,.3913
1626,2023-08-30T00:00:00,.3510,.6490,.7500,.2500
1627,2023-08-31T00:00:00,.3533,.6467,.7143,.2857
1628,2023-09-01T00:00:00,.3774,.6226,.6923,.3077
1629,2023-09-02T00:00:00,.4030,.5970,.7000,.3000
1630,2023-09-03T00:00:00,.3873,.6127,.7692,.2308
1631,2023-09-04T00:00:00,.3812,.6188,.7500,.2500
1632,2023-09-05T00:00:00,.4293,.5707,.7813,.2188
1633,2023-09-06T00:00:00,.4162,.5838,.7419,.2581
1634,2023-09-07T00:00:00,.4010,.5990,.6364,.3636
1635,2023-09-08T00:00:00,.3900,.6100,.6000,.4000
1636,2023-09-09T00:00:00,.3683,.6317,.5532,.4468
1637,2023-09-10T00:00:00,.3942,.6058,.6190,.3810
1638,2023-09-11T00:00:00,.3808,.6192,.5122,.4878
1639,2023-09-12T00:00:00,.3782,.6218,.6111,.3889
1640,2023-09-13T00:00:00,.3836,.6164,.5750,.4250
1641,2023-09-14T00:00:00,.3787,.6213,.5556,.4444
1642,2023-09-15T00:00:00,.3607,.6393,.6341,.3659
1643,2023-09-16T00:00:00,.3899,.6101,.6829,.3171
1644,2023-09-17T00:00:00,.3914,.6086,.7059,.2941
1645,2023-09-18T00:00:00,.3737,.6263,.5750,.4250
1646,2023-09-19T00:00:00,.3661,.6339,.5366,.4634
1647,2023-09-20T00:00:00,.3682,.6318,.6000,.4000
1648,2023-09-21T00:00:00,.3482,.6518,.5294,.4706
1649,2023-09-22T00:00:00,.3688,.6313,.5238,.4762
1650,2023-09-23T00:00:00,.3833,.6167,.5111,.4889
1651,2023-09-24T00:00:00,.3873,.6127,.5370,.4630
1652,2023-09-25T00:00:00,.3882,.6118,.5246,.4754
1653,2023-09-26T00:00:00,.3537,.6463,.5714,.4286
1654,2023-09-27T00:00:00,.3617,.6383,.5660,.4340
1655,2023-09-28T00:00:00,.3644,.6356,.6471,.3529
1656,2023-09-29T00:00:00,.3730,.6270,.6154,.3846
1657,2023-09-30T00:00:00,.3748,.6252,.5763,.4237
1658,2023-10-01T00:00:00,.3797,.6203,.5500,.4500
1659,2023-10-02T00:00:00,.3797,.6203,.5667,.4333
1660,2023-10-03T00:00:00,.3663,.6337,.6111,.3889
1661,2023-10-04T00:00:00,.3647,.6353,.5417,.4583
1662,2023-10-05T00:00:00,.3648,.6352,.4744,.5256
1663,2023-10-06T00:00:00,.3635,.6365,.5600,.4400
1664,2023-10-07T00:00:00,.3682,.6318,.5584,.4416
1665,2023-10-08T00:00:00,.3776,.6224,.6081,.3919
1666,2023-10-09T00:00:00,.3865,.6135,.6267,.3733
1667,2023-10-10T00:00:00,.3684,.6316,.5890,.4110
1668,2023-10-11T00:00:00,.3627,.6373,.6338,.3662
1669,2023-10-12T00:00:00,.3585,.6415,.6269,.3731
1670,2023-10-13T00:00:00,.3553,.6447,.6563,.3438
1671,2023-10-14T00:00:00,.3609,.6391,.6364,.3636
1672,2023-10-15T00:00:00,.3769,.6231,.6250,.3750
1673,2023-10-16T00:00:00,.3771,.6229,.5970,.4030
1674,2023-10-17T00:00:00,.3810,.6190,.6613,.3387
1675,2023-10-18T00:00:00,.3588,.6412,.6667,.3333
1676,2023-10-19T00:00:00,.3496,.6504,.5893,.4107
1677,2023-10-20T00:00:00,.3661,.6339,.6250,.3750
1678,2023-10-21T00:00:00,.3855,.6145,.6267,.3733
1679,2023-10-22T00:00:00,.3758,.6242,.6203,.3797
1680,2023-10-23T00:00:00,.3838,.6162,.6119,.3881
1681,2023-10-24T00:00:00,.3671,.6329,.5946,.4054
1682,2023-10-25T00:00:00,.3728,.6272,.6615,.3385
1683,2023-10-26T00:00:00,.3740,.6260,.6897,.3103
1684,2023-10-27T00:00:00,.3716,.6284,.6000,.4000
1685,2023-10-28T00:00:00,.3864,.6136,.6034,.3966
1686,2023-10-29T00:00:00,.3964,.6036,.5781,.4219
1687,2023-10-30T00:00:00,.4031,.5969,.7000,.3000
1688,2023-10-31T00:00:00,.3946,.6054,.6818,.3182
1689,2023-11-01T00:00:00,.3998,.6002,.7097,.2903
1690,2023-11-02T00:00:00,.3860,.6140,.6786,.3214
1691,2023-11-03T00:00:00,.3951,.6049,.7170,.2830
1692,2023-11-04T00:00:00,.3927,.6073,.7021,.2979
1693,2023-11-05T00:00:00,.3889,.6111,.7619,.2381
1694,2023-11-06T00:00:00,.3909,.6091,.6545,.3455
1695,2023-11-07T00:00:00,.3839,.6161,.6792,.3208
1696,2023-11-08T00:00:00,.3878,.6122,.6377,.3623
1697,2023-11-09T00:00:00,.3974,.6026,.6429,.3571
1698,2023-11-10T00:00:00,.4016,.5984,.6491,.3509
1699,2023-11-11T00:00:00,.3969,.6031,.5690,.4310
1700,2023-11-12T00:00:00,.4111,.5889,.5246,.4754
1701,2023-11-13T00:00:00,.4036,.5964,.4444,.5556
1702,2023-11-14T00:00:00,.3687,.6313,.4384,.5616
1703,2023-11-15T00:00:00,.3752,.6248,.4925,.5075
1704,2023-11-16T00:00:00,.3722,.6278,.4769,.5231
1705,2023-11-17T00:00:00,.3477,.6523,.4783,.5217
1706,2023-11-18T00:00:00,.3629,.6371,.4789,.5211
1707,2023-11-19T00:00:00,.3691,.6309,.4487,.5513
1708,2023-11-20T00:00:00,.3758,.6242,.4474,.5526
1709,2023-11-21T00:00:00,.3737,.6263,.5000,.5000
1710,2023-11-22T00:00:00,.3719,.6281,.4878,.5122
1711,2023-11-23T00:00:00,.3829,.6171,.5316,.4684
1712,2023-11-24T00:00:00,.3662,.6338,.5143,.4857
1713,2023-11-25T00:00:00,.3717,.6283,.5325,.4675
1714,2023-11-26T00:00:00,.3845,.6155,.5652,.4348
1715,2023-11-27T00:00:00,.3759,.6241,.6024,.3976
1716,2023-11-28T00:00:00,.3727,.6273,.5595,.4405
1717,2023-11-29T00:00:00,.3776,.6224,.6118,.3882
1718,2023-11-30T00:00:00,.3487,.6513,.5882,.4118
1719,2023-12-01T00:00:00,.3779,.6221,.5930,.4070
1720,2023-12-02T00:00:00,.3699,.6301,.5464,.4536
1721,2023-12-03T00:00:00,.3694,.6306,.5051,.4949
1722,2023-12-04T00:00:00,.3743,.6257,.5327,.4673
1723,2023-12-05T00:00:00,.3717,.6283,.5140,.4860
1724,2023-12-06T00:00:00,.3547,.6453,.5745,.4255
1725,2023-12-07T00:00:00,.3681,.6319,.5545,.4455
1726,2023-12-08T00:00:00,.3615,.6385,.4947,.5053
1727,2023-12-09T00:00:00,.3672,.6328,.5248,.4752
1728,2023-12-10T00:00:00,.3722,.6278,.5299,.4701
1729,2023-12-11T00:00:00,.3858,.6142,.5234,.4766
1730,2023-12-12T00:00:00,.3858,.6142,.5300,.4700
1731,2023-12-13T00:00:00,.3728,.6272,.4762,.5238
1732,2023-12-14T00:00:00,.3754,.6246,.5000,.5000
1733,2023-12-15T00:00:00,.3744,.6256,.5244,.4756
1734,2023-12-16T00:00:00,.4046,.5954,.5542,.4458
1735,2023-12-17T00:00:00,.4004,.5996,.5116,.4884
1736,2023-12-18T00:00:00,.3978,.6022,.5060,.4940
1737,2023-12-19T00:00:00,.3867,.6133,.5161,.4839
1738,2023-12-20T00:00:00,.3926,.6074,.5426,.4574
1739,2023-12-21T00:00:00,.3869,.6131,.5542,.4458
1740,2023-12-22T00:00:00,.4009,.5991,.5529,.4471
1741,2023-12-23T00:00:00,.4153,.5847,.6556,.3444
1742,2023-12-24T00:00:00,.4048,.5952,.6383,.3617
1743,2023-12-25T00:00:00,.4078,.5922,.6404,.3596
1744,2023-12-26T00:00:00,.4063,.5937,.6186,.3814
1745,2023-12-27T00:00:00,.3890,.6110,.4946,.5054
1746,2023-12-28T00:00:00,.3791,.6209,.5233,.4767
1747,2023-12-29T00:00:00,.3753,.6247,.6023,.3977
1748,2023-12-30T00:00:00,.3917,.6083,.6726,.3274
1749,2023-12-31T00:00:00,.4047,.5953,.6239,.3761
1750,2024-01-01T00:00:00,.4117,.5883,.6667,.3333
1751,2024-01-02T00:00:00,.3897,.6103,.6863,.3137
1752,2024-01-03T00:00:00,.3936,.6064,.6733,.3267
1753,2024-01-04T00:00:00,.4074,.5926,.6916,.3084
1754,2024-01-05T00:00:00,.4168,.5832,.6944,.3056
1755,2024-01-06T00:00:00,.4226,.5774,.7353,.2647
1756,2024-01-07T00:00:00,.4509,.5491,.6842,.3158
1757,2024-01-08T00:00:00,.4043,.5957,.7030,.2970
1758,2024-01-09T00:00:00,.4124,.5876,.6667,.3333
1759,2024-01-10T00:00:00,.4004,.5996,.7228,.2772
1760,2024-01-11T00:00:00,.3987,.6013,.6699,.3301
1761,2024-01-12T00:00:00,.4252,.5748,.6531,.3469
1762,2024-01-13T00:00:00,.4251,.5749,.6500,.3500
1763,2024-01-14T00:00:00,.4298,.5702,.6931,.3069
1764,2024-01-15T00:00:00,.4205,.5795,.6300,.3700
1765,2024-01-16T00:00:00,.4189,.5811,.5591,.4409
1766,2024-01-17T00:00:00,.4109,.5891,.5833,.4167
1767,2024-01-18T00:00:00,.4195,.5805,.6265,.3735
1768,2024-01-19T00:00:00,.4227,.5773,.6026,.3974
1769,2024-01-20T00:00:00,.4213,.5787,.6375,.3625
1770,2024-01-21T00:00:00,.4318,.5682,.5843,.4157
1771,2024-01-22T00:00:00,.3937,.6063,.6250,.3750
1772,2024-01-23T00:00:00,.3879,.6121,.5821,.4179
1773,2024-01-24T00:00:00,.3665,.6335,.5735,.4265
1774,2024-01-25T00:00:00,.3518,.6482,.5789,.4211
1775,2024-01-26T00:00:00,.3589,.6411,.6333,.3667
1776,2024-01-27T00:00:00,.3763,.6237,.6441,.3559
1777,2024-01-28T00:00:00,.3668,.6332,.6667,.3333
1778,2024-01-29T00:00:00,.3801,.6199,.6406,.3594
1779,2024-01-30T00:00:00,.3531,.6469,.5970,.4030
1780,2024-01-31T00:00:00,.3802,.6198,.4923,.5077
1781,2024-02-01T00:00:00,.3626,.6374,.4821,.5179
1782,2024-02-02T00:00:00,.3594,.6406,.5517,.4483
1783,2024-02-03T00:00:00,.3594,.6406,.4262,.5738
1784,2024-02-04T00:00:00,.3657,.6343,.5000,.5000
1785,2024-02-05T00:00:00,.3559,.6441,.5536,.4464
1786,2024-02-06T00:00:00,.3645,.6355,.4600,.5400
1787,2024-02-07T00:00:00,.3685,.6315,.5098,.4902
1788,2024-02-08T00:00:00,.3493,.6507,.5577,.4423
1789,2024-02-09T00:00:00,.3520,.6480,.5000,.5000
1790,2024-02-10T00:00:00,.3639,.6361,.5957,.4043
1791,2024-02-11T00:00:00,.3858,.6142,.6500,.3500
1792,2024-02-12T00:00:00,.3680,.6320,.6190,.3810
1793,2024-02-13T00:00:00,.3973,.6027,.5714,.4286
1794,2024-02-14T00:00:00,.3801,.6199,.6222,.3778
1795,2024-02-15T00:00:00,.4020,.5980,.6136,.3864
1796,2024-02-16T00:00:00,.3625,.6375,.6190,.3810
1797,2024-02-17T00:00:00,.3779,.6221,.6170,.3830
1798,2024-02-18T00:00:00,.3852,.6148,.6744,.3256
1799,2024-02-19T00:00:00,.4071,.5929,.7037,.2963
1800,2024-02-20T00:00:00,.3942,.6058,.6731,.3269
1801,2024-02-21T00:00:00,.3808,.6192,.6600,.3400
1802,2024-02-22T00:00:00,.3918,.6082,.6829,.3171
1803,2024-02-23T00:00:00,.4104,.5896,.7297,.2703
1804,2024-02-24T00:00:00,.4043,.5957,.7714,.2286
1805,2024-02-25T00:00:00,.4225,.5775,.6889,.3111
1806,2024-02-26T00:00:00,.4141,.5859,.6667,.3333
1807,2024-02-27T00:00:00,.4116,.5884,.5750,.4250
1808,2024-02-28T00:00:00,.4051,.5949,.5814,.4186
1809,2024-02-29T00:00:00,.3938,.6062,.5946,.4054
1810,2024-03-01T00:00:00,.4064,.5936,.6486,.3514
1811,2024-03-02T00:00:00,.3795,.6205,.6410,.3590
1812,2024-03-03T00:00:00,.4120,.5880,.6053,.3947
1813,2024-03-04T00:00:00,.3935,.6065,.5556,.4444
1814,2024-03-05T00:00:00,.3985,.6015,.5882,.4118
1815,2024-03-06T00:00:00,.3684,.6316,.5000,.5000
1816,2024-03-07T00:00:00,.3824,.6176,.5000,.5000
1817,2024-03-08T00:00:00,.3678,.6322,.4412,.5588
1818,2024-03-09T00:00:00,.3735,.6265,.4688,.5313
1819,2024-03-10T00:00:00,.3862,.6138,.4138,.5862
1820,2024-03-11T00:00:00,.3962,.6038,.3462,.6538
1821,2024-03-12T00:00:00,.3900,.6100,.4615,.5385
1822,2024-03-13T00:00:00,.3953,.6047,.5517,.4483
1823,2024-03-14T00:00:00,.3851,.6149,.5417,.4583
1824,2024-03-15T00:00:00,.3858,.6142,.6154,.3846
1825,2024-03-16T00:00:00,.3781,.6219,.6552,.3448
1826,2024-03-17T00:00:00,.3816,.6184,.5758,.4242
1827,2024-03-18T00:00:00,.3621,.6379,.5185,.4815
1828,2024-03-19T00:00:00,.3379,.6621,.4667,.5333
1829,2024-03-20T00:00:00,.2960,.7040,.4615,.5385
1830,2024-03-21T00:00:00,.3284,.6716,.5263,.4737
1831,2024-03-22T00:00:00,.2978,.7022,.5000,.5000
1832,2024-03-23T00:00:00,.3123,.6877,.5882,.4118
1833,2024-03-24T00:00:00,.2941,.7059,.4706,.5294
1834,2024-03-25T00:00:00,.2767,.7233,.6111,.3889
1835,2024-03-26T00:00:00,.2759,.7241,.6923,.3077
1836,2024-03-27T00:00:00,.3223,.6777,.6957,.3043
1837,2024-03-28T00:00:00,.3180,.6820,.7895,.2105
1838,2024-03-29T00:00:00,.3347,.6653,.8333,.1667
1839,2024-03-30T00:00:00,.3373,.6627,.8824,.1176
1840,2024-03-31T00:00:00,.3552,.6448,.8235,.1765
1841,2024-04-01T00:00:00,.3906,.6094,.8000,.2000
1842,2024-04-02T00:00:00,.4186,.5814,.6538,.3462
1843,2024-04-03T00:00:00,.4184,.5816,.6667,.3333
1844,2024-04-04T00:00:00,.4100,.5900,.5833,.4167
1845,2024-04-05T00:00:00,.3789,.6211,.5714,.4286
1846,2024-04-06T00:00:00,.3579,.6421,.4138,.5862
1847,2024-04-07T00:00:00,.3709,.6291,.4545,.5455
1848,2024-04-08T00:00:00,.3897,.6103,.5217,.4783
1849,2024-04-09T00:00:00,.3907,.6093,.6316,.3684
1850,2024-04-10T00:00:00,.3875,.6125,.6087,.3913
1851,2024-04-11T00:00:00,.3885,.6115,.6190,.3810
1852,2024-04-12T00:00:00,.3932,.6068,.6087,.3913
1853,2024-04-13T00:00:00,.3973,.6027,.5417,.4583
1854,2024-04-14T00:00:00,.4153,.5847,.5238,.4762
1855,2024-04-15T00:00:00,.3865,.6135,.5652,.4348
1856,2024-04-16T00:00:00,.3818,.6182,.6190,.3810
1857,2024-04-17T00:00:00,.3895,.6105,.5714,.4286
1858,2024-04-18T00:00:00,.3798,.6202,.6471,.3529
1859,2024-04-19T00:00:00,.3720,.6280,.5500,.4500
1860,2024-04-20T00:00:00,.3629,.6371,.6316,.3684
1861,2024-04-21T00:00:00,.3828,.6172,.5500,.4500
1862,2024-04-22T00:00:00,.3896,.6104,.5263,.4737
1863,2024-04-23T00:00:00,.3529,.6471,.5000,.5000
1864,2024-04-24T00:00:00,.4022,.5978,.5556,.4444
1865,2024-04-25T00:00:00,.3977,.6023,.6111,.3889
1866,2024-04-26T00:00:00,.4335,.5665,.6400,.3600
1867,2024-04-27T00:00:00,.4173,.5827,.6667,.3333
1868,2024-04-28T00:00:00,.4599,.5401,.6667,.3333
1869,2024-04-29T00:00:00,.4000,.6000,.6000,.4000
1870,2024-04-30T00:00:00,.4058,.5942,.6316,.3684
1871,2024-05-01T00:00:00,.3794,.6206,.6111,.3889
1872,2024-05-02T00:00:00,.3822,.6178,.6316,.3684
1873,2024-05-03T00:00:00,.3922,.6078,.6667,.3333
1874,2024-05-04T00:00:00,.3680,.6320,.6000,.4000
1875,2024-05-05T00:00:00,.3494,.6506,.6250,.3750
1876,2024-05-06T00:00:00,.3675,.6325,.7222,.2778
1877,2024-05-07T00:00:00,.3317,.6683,.6667,.3333
1878,2024-05-08T00:00:00,.3588,.6412,.6667,.3333
1879,2024-05-09T00:00:00,.3005,.6995,.6818,.3182
1880,2024-05-10T00:00:00,.3689,.6311,.7000,.3000
1881,2024-05-11T00:00:00,.3976,.6024,.7692,.2308
1882,2024-05-12T00:00:00,.4055,.5945,.8125,.1875
1883,2024-05-13T00:00:00,.3639,.6361,.8077,.1923
1884,2024-05-14T00:00:00,.3811,.6189,.7241,.2759
1885,2024-05-15T00:00:00,.3625,.6375,.7273,.2727
1886,2024-05-16T00:00:00,.3680,.6320,.7333,.2667
1887,2024-05-17T00:00:00,.4087,.5913,.6765,.3235
1888,2024-05-18T00:00:00,.4252,.5748,.6250,.3750
1889,2024-05-19T00:00:00,.4116,.5884,.6389,.3611
1890,2024-05-20T00:00:00,.4376,.5624,.6667,.3333
1891,2024-05-21T00:00:00,.4338,.5662,.7273,.2727
1892,2024-05-22T00:00:00,.4165,.5835,.6786,.3214
1893,2024-05-23T00:00:00,.4497,.5503,.7586,.2414
1894,2024-05-24T00:00:00,.4186,.5814,.6667,.3333
1895,2024-05-25T00:00:00,.4060,.5940,.6296,.3704
1896,2024-05-26T00:00:00,.3936,.6064,.7200,.2800
1897,2024-05-27T00:00:00,.4382,.5618,.7143,.2857
1898,2024-05-28T00:00:00,.4302,.5698,.8000,.2000
1899,2024-05-29T00:00:00,.4286,.5714,.7037,.2963
1900,2024-05-30T00:00:00,.4413,.5587,.6400,.3600
1901,2024-05-31T00:00:00,.4613,.5387,.6786,.3214
1902,2024-06-01T00:00:00,.4658,.5342,.6061,.3939
1903,2024-06-02T00:00:00,.4729,.5271,.6667,.3333
1904,2024-06-03T00:00:00,.4357,.5643,.6897,.3103
1905,2024-06-04T00:00:00,.4511,.5489,.6667,.3333
1906,2024-06-05T00:00:00,.4343,.5657,.6400,.3600
1907,2024-06-06T00:00:00,.4263,.5737,.6429,.3571
1908,2024-06-07T00:00:00,.4551,.5449,.6774,.3226
1909,2024-06-08T00:00:00,.4553,.5447,.7188,.2813
1910,2024-06-09T00:00:00,.4631,.5369,.7500,.2500
1911,2024-06-10T00:00:00,.4630,.5370,.6667,.3333
1912,2024-06-11T00:00:00,.4587,.5413,.7000,.3000
1913,2024-06-12T00:00:00,.4485,.5515,.7000,.3000
1914,2024-06-13T00:00:00,.4430,.5570,.6452,.3548
1915,2024-06-14T00:00:00,.4379,.5621,.6970,.3030
1916,2024-06-15T00:00:00,.4706,.5294,.6944,.3056
1917,2024-06-16T00:00:00,.4734,.5266,.6667,.3333
1918,2024-06-17T00:00:00,.4596,.5404,.5238,.4762
1919,2024-06-18T00:00:00,.4341,.5659,.5714,.4286
1920,2024-06-19T00:00:00,.4130,.5870,.5333,.4667
1921,2024-06-20T00:00:00,.3946,.6054,.5455,.4545
1922,2024-06-21T00:00:00,.3720,.6280,.5600,.4400
1923,2024-06-22T00:00:00,.4011,.5989,.5862,.4138
1924,2024-06-23T00:00:00,.4044,.5956,.4815,.5185
1925,2024-06-24T00:00:00,.4155,.5845,.5000,.5000
1926,2024-06-25T00:00:00,.3757,.6243,.5769,.4231
1927,2024-06-26T00:00:00,.3786,.6214,.6087,.3913
1928,2024-06-27T00:00:00,.3889,.6111,.6364,.3636
1929,2024-06-28T00:00:00,.3644,.6356,.6316,.3684
1930,2024-06-29T00:00:00,.3757,.6243,.7895,.2105
1931,2024-06-30T00:00:00,.3857,.6143,.7059,.2941
1932,2024-07-01T00:00:00,.3984,.6016,.8000,.2000
1933,2024-07-02T00:00:00,.4133,.5867,.6875,.3125
1934,2024-07-03T00:00:00,.4393,.5607,.6000,.4000
1935,2024-07-04T00:00:00,.4201,.5799,.7368,.2632
1936,2024-07-05T00:00:00,.4409,.5591,.7500,.2500
1937,2024-07-06T00:00:00,.4639,.5361,.7241,.2759
1938,2024-07-07T00:00:00,.4562,.5438,.6571,.3429
1939,2024-07-08T00:00:00,.4477,.5523,.7500,.2500
1940,2024-07-09T00:00:00,.4567,.5433,.8400,.1600
1941,2024-07-10T00:00:00,.4783,.5217,.8400,.1600
1942,2024-07-11T00:00:00,.4647,.5353,.8261,.1739
1943,2024-07-12T00:00:00,.4236,.5764,.6667,.3333
1944,2024-07-13T00:00:00,.4323,.5677,.6429,.3571
1945,2024-07-14T00:00:00,.4358,.5642,.7692,.2308
1946,2024-07-15T00:00:00,.4130,.5870,.7600,.2400
1947,2024-07-16T00:00:00,.4139,.5861,.7813,.2188
1948,2024-07-17T00:00:00,.3891,.6109,.7297,.2703
1949,2024-07-18T00:00:00,.4013,.5987,.8387,.1613
1950,2024-07-19T00:00:00,.4245,.5755,.7353,.2647
1951,2024-07-20T00:00:00,.4130,.5870,.7333,.2667
1952,2024-07-21T00:00:00,.4414,.5586,.7742,.2258
1953,2024-07-22T00:00:00,.4276,.5724,.7857,.2143
1954,2024-07-23T00:00:00,.3942,.6058,.8696,.1304
1955,2024-07-24T00:00:00,.3814,.6186,.7200,.2800
1956,2024-07-25T00:00:00,.3482,.6518,.6667,.3333
1957,2024-07-26T00:00:00,.3638,.6362,.7222,.2778
1958,2024-07-27T00:00:00,.3525,.6475,.5238,.4762
1959,2024-07-28T00:00:00,.3444,.6556,.5600,.4400
1960,2024-07-29T00:00:00,.3503,.6497,.4400,.5600
1961,2024-07-30T00:00:00,.3503,.6497,.4074,.5926
1962,2024-07-31T00:00:00,.3312,.6688,.3793,.6207
1963,2024-08-01T00:00:00,.3398,.6602,.3226,.6774
1964,2024-08-02T00:00:00,.3589,.6411,.3333,.6667
1965,2024-08-03T00:00:00,.3670,.6330,.3448,.6552
1966,2024-08-04T00:00:00,.3966,.6034,.3704,.6296
1967,2024-08-05T00:00:00,.3685,.6315,.4545,.5455
1968,2024-08-06T00:00:00,.3728,.6272,.5000,.5000
1969,2024-08-07T00:00:00,.3468,.6532,.5357,.4643
1970,2024-08-08T00:00:00,.3369,.6631,.4412,.5588
1971,2024-08-09T00:00:00,.3628,.6372,.4063,.5938
1972,2024-08-10T00:00:00,.3709,.6291,.6279,.3721
1973,2024-08-11T00:00:00,.3754,.6246,.4667,.5333
1974,2024-08-12T00:00:00,.3638,.6362,.5556,.4444
1975,2024-08-13T00:00:00,.3563,.6437,.6154,.3846
1976,2024-08-14T00:00:00,.3498,.6502,.5909,.4091
1977,2024-08-15T00:00:00,.3313,.6687,.5714,.4286
1978,2024-08-16T00:00:00,.3300,.6700,.5714,.4286
1979,2024-08-17T00:00:00,.3468,.6532,.5263,.4737
1980,2024-08-18T00:00:00,.3827,.6173,.5714,.4286
1981,2024-08-19T00:00:00,.3854,.6146,.6667,.3333
1982,2024-08-20T00:00:00,.3533,.6467,.6897,.3103
1983,2024-08-21T00:00:00,.3505,.6495,.7500,.2500
1984,2024-08-22T00:00:00,.3562,.6438,.7037,.2963
1985,2024-08-23T00:00:00,.3389,.6611,.6452,.3548
1986,2024-08-24T00:00:00,.3576,.6424,.6129,.3871
1987,2024-08-25T00:00:00,.3809,.6191,.6452,.3548
1988,2024-08-26T00:00:00,.3928,.6072,.6389,.3611
1989,2024-08-27T00:00:00,.3829,.6171,.5106,.4894
1990,2024-08-28T00:00:00,.3689,.6311,.4571,.5429
1991,2024-08-29T00:00:00,.3671,.6329,.5278,.4722
1992,2024-08-30T00:00:00,.3839,.6161,.6286,.3714
1993,2024-08-31T00:00:00,.3641,.6359,.5946,.4054
1994,2024-09-01T00:00:00,.3758,.6242,.6000,.4000
1995,2024-09-02T00:00:00,.3774,.6226,.6316,.3684
1996,2024-09-03T00:00:00,.3887,.6113,.5897,.4103
1997,2024-09-04T00:00:00,.3627,.6373,.5556,.4444
1998,2024-09-05T00:00:00,.3820,.6180,.5366,.4634
1999,2024-09-06T00:00:00,.3734,.6266,.6047,.3953
2000,2024-09-07T00:00:00,.4139,.5861,.5135,.4865
2001,2024-09-08T00:00:00,.4135,.5865,.4848,.5152
2002,2024-09-09T00:00:00,.4079,.5921,.5278,.4722
2003,2024-09-10T00:00:00,.4187,.5813,.5263,.4737
2004,2024-09-11T00:00:00,.4378,.5622,.5510,.4490
2005,2024-09-12T00:00:00,.4480,.5520,.5800,.4200
2006,2024-09-13T00:00:00,.4190,.5810,.6071,.3929
2007,2024-09-14T00:00:00,.4074,.5926,.5682,.4318
2008,2024-09-15T00:00:00,.4199,.5801,.6222,.3778
2009,2024-09-16T00:00:00,.4047,.5953,.6275,.3725
2010,2024-09-17T00:00:00,.3503,.6497,.5294,.4706
2011,2024-09-18T00:00:00,.3526,.6474,.5417,.4583
2012,2024-09-19T00:00:00,.3838,.6162,.5745,.4255
2013,2024-09-20T00:00:00,.3734,.6266,.5439,.4561
2014,2024-09-21T00:00:00,.3875,.6125,.5918,.4082
2015,2024-09-22T00:00:00,.3896,.6104,.5510,.4490
2016,2024-09-23T00:00:00,.3970,.6030,.5000,.5000
2017,2024-09-24T00:00:00,.3955,.6045,.5909,.4091
2018,2024-09-25T00:00:00,.3698,.6302,.5800,.4200
2019,2024-09-26T00:00:00,.3608,.6392,.4909,.5091
2020,2024-09-27T00:00:00,.3753,.6247,.5741,.4259
2021,2024-09-28T00:00:00,.3612,.6388,.6346,.3654
2022,2024-09-29T00:00:00,.3529,.6471,.6739,.3261
2023,2024-09-30T00:00:00,.3465,.6535,.6000,.4000
2024,2024-10-01T00:00:00,.3756,.6244,.6400,.3600
2025,2024-10-02T00:00:00,.3412,.6588,.6000,.4000
2026,2024-10-03T00:00:00,.3522,.6478,.5185,.4815
2027,2024-10-04T00:00:00,.3432,.6568,.5870,.4130
2028,2024-10-05T00:00:00,.3504,.6496,.6034,.3966
2029,2024-10-06T00:00:00,.3519,.6481,.6222,.3778
2030,2024-10-07T00:00:00,.3422,.6578,.3966,.6034
2031,2024-10-08T00:00:00,.3380,.6620,.5476,.4524
2032,2024-10-09T00:00:00,.3360,.6640,.5429,.4571
2033,2024-10-10T00:00:00,.3539,.6461,.4792,.5208
2034,2024-10-11T00:00:00,.3590,.6410,.6000,.4000
2035,2024-10-12T00:00:00,.3566,.6434,.7027,.2973
2036,2024-10-13T00:00:00,.3687,.6313,.6486,.3514
2037,2024-10-14T00:00:00,.3670,.6330,.5909,.4091
2038,2024-10-15T00:00:00,.3488,.6513,.5476,.4524
2039,2024-10-16T00:00:00,.3304,.6696,.5000,.5000
2040,2024-10-17T00:00:00,.3509,.6491,.6000,.4000
2041,2024-10-18T00:00:00,.3534,.6466,.5667,.4333
2042,2024-10-19T00:00:00,.3569,.6431,.6571,.3429
2043,2024-10-20T00:00:00,.3722,.6278,.7500,.2500
2044,2024-10-21T00:00:00,.3530,.6470,.7105,.2895
2045,2024-10-22T00:00:00,.3507,.6493,.6410,.3590
2046,2024-10-23T00:00:00,.3438,.6562,.6429,.3571
2047,2024-10-24T00:00:00,.3229,.6771,.6410,.3590
2048,2024-10-25T00:00:00,.3321,.6679,.6038,.3962
2049,2024-10-26T00:00:00,.3369,.6631,.6000,.4000
2050,2024-10-27T00:00:00,.3440,.6560,.5000,.5000
2051,2024-10-28T00:00:00,.3106,.6894,.4468,.5532
2052,2024-10-29T00:00:00,.3013,.6987,.4706,.5294
2053,2024-10-30T00:00:00,.2914,.7086,.5745,.4255
2054,2024-10-31T00:00:00,.3036,.6964,.5455,.4545
2055,2024-11-01T00:00:00,.3086,.6914,.5405,.4595
2056,2024-11-02T00:00:00,.3143,.6857,.5833,.4167
2057,2024-11-03T00:00:00,.3333,.6667,.5714,.4286
2058,2024-11-04T00:00:00,.3181,.6819,.6364,.3636
2059,2024-11-05T00:00:00,.3167,.6833,.7097,.2903
2060,2024-11-06T00:00:00,.3333,.6667,.6552,.3448
2061,2024-11-07T00:00:00,.3268,.6732,.6857,.3143
2062,2024-11-08T00:00:00,.3141,.6859,.6757,.3243
2063,2024-11-09T00:00:00,.3208,.6792,.6667,.3333
2064,2024-11-10T00:00:00,.3398,.6602,.6750,.3250
2065,2024-11-11T00:00:00,.3347,.6653,.7297,.2703
2066,2024-11-12T00:00:00,.3511,.6489,.6429,.3571
